<?xml version="1.0" encoding="UTF-8"?>
<project-private xmlns="http://www.netbeans.org/ns/project-private/1">
    <editor-bookmarks xmlns="http://www.netbeans.org/ns/editor-bookmarks/2" lastBookmarkId="0"/>
    <open-files xmlns="http://www.netbeans.org/ns/projectui-open-files/1">
        <file>file:/E:/xampp1.8/htdocs/sexy/application/views/templates/front_layout.php</file>
        <file>file:/E:/xampp1.8/htdocs/sexy/application/controllers/contact.php</file>
        <file>file:/E:/xampp1.8/htdocs/sexy/application/controllers/girls.php</file>
        <file>file:/E:/xampp1.8/htdocs/sexy/application/views/contact/index.php</file>
        <file>file:/E:/xampp1.8/htdocs/sexy/application/views/girl/index.php</file>
    </open-files>
</project-private>
